{
    "dimensions": 2,
    "sample_power": 15,
    "keep_sample_pow": 0,
    "duration(s)": 10,
    "G": 1,
    "yield": {
        "position": true,
        "speed": false,
        "acceleration": false
    },
    "parameters": {
        "Body1": {
            "name": "A",
            "mass": 1,
            "position": [
                0.97000436,
                -0.24308753,
                0
            ],
            "speed": [
                0.46203685,
                0.43236573,
                0
            ]
        },
        "Body2": {
            "name": "B",
            "mass": 1,
            "position": [
                -0.97000436,
                0.24308753,
                0
            ],
            "speed": [
                0.46203685,
                0.43236573,
                0
            ]
        },
        "Body3": {
            "name": "C",
            "mass": 1,
            "position": [
                0,
                0,
                0
            ],
            "speed": [
                -0.93240737,
                -0.86473146,
                0
            ]
        }
    }
}
