{
    "samples": 100000,
    "duration": 50,

    "G": 1,
    "m": [1, 1, 1],
    "r": [
        [0.97000436, -0.24308753],
        [-0.97000436, 0.24308753],
        [0.0, 0.0]
    ],
    "v": [
        [0.46203685, 0.43236573],
        [0.46203685, 0.43236573],
        [-0.93240737, -0.86473146]
    ],

    "plot": {
        "title": "Moore solution",
        "format": ["r-", "g-", "b-"],
        "png name": "moore"
    }
}